source_id,category,title,url,authority,use
SRC-001,competitor,Fundamentals of Data Observability,https://www.oreilly.com/library/view/fundamentals-of-data/9781098133283/,publisher,"Competitor scope and positioning"
SRC-002,competitor,Data Observability for Data Engineering,https://www.oreilly.com/library/view/data-observability-for/9781804616024/,publisher,"Competitor scope, root-cause chapter, and positioning"
SRC-003,competitor,Data Pipelines Pocket Reference,https://www.oreilly.com/library/view/data-pipelines-pocket/9781492087823/,publisher,"Competitor scope and maintenance coverage"
SRC-004,demand,What's the quickest way to become skilled at debugging data pipelines?,https://www.reddit.com/r/dataengineering/comments/1flninb/,community,"Practitioner learning need only"
SRC-005,demand,Resources to learn pipeline debugging and data quality issues,https://www.reddit.com/r/dataengineersindia/comments/1txc910/resources_youtubeudemyblogs_etc_to_lean_1pipeline/,community,"Recent practitioner resource-gap signal only"
SRC-006,demand,How do you manage and troubleshoot critical data pipeline failures?,https://www.reddit.com/r/dataengineering/comments/1f7tgjg/,community,"Incident-response questions and terminology only"
SRC-007,demand,What is most challenging about maintaining production pipelines?,https://www.reddit.com/r/dataengineering/comments/1t743of/,community,"Recent maintenance pain signal only"
SRC-008,reference,Google SRE - Data Processing Pipelines,https://sre.google/sre-book/data-processing-pipelines/,official,"General production-pipeline reliability context; not a source for MetroPulse facts"
SRC-009,reference,SQLite SQL Language Expressions,https://sqlite.org/lang_expr.html#the_in_and_not_in_operators,official,"SQLite IN/NOT IN truth table when NULL is involved"
SRC-010,reference,PostgreSQL Subquery Expressions,https://www.postgresql.org/docs/current/functions-subquery.html,official,"NOT IN with a NULL-producing right-hand row; transfer guidance only"
SRC-011,reference,PostgreSQL Window Functions,https://www.postgresql.org/docs/current/functions-window.html,official,"LAG and ordered window semantics; counter meaning remains an application contract"
SRC-012,reference,PostgreSQL Date/Time Functions and Operators,https://www.postgresql.org/docs/current/functions-datetime.html#FUNCTIONS-DATETIME-ZONECONVERT,official,"AT TIME ZONE conversion; the 03:00 service-day boundary is separate business logic"
SRC-013,standard,RFC 1952 - GZIP File Format Specification,https://www.rfc-editor.org/rfc/rfc1952.html,official,"Gzip member trailer CRC32 and ISIZE"
SRC-014,reference,Python zlib,https://docs.python.org/3/library/zlib.html#zlib.Decompress.eof,official,"Detect whether a compressed stream ended completely"
SRC-015,reference,Python zoneinfo,https://docs.python.org/3/library/zoneinfo.html,official,"IANA time-zone data and offset-transition behavior"
SRC-016,standard,RFC 6585 Section 4 - 429 Too Many Requests,https://www.rfc-editor.org/rfc/rfc6585.html#section-4,official,"Meaning of HTTP 429; not a complete retry architecture"
SRC-017,standard,RFC 9110 Section 10.2.3 - Retry-After,https://www.rfc-editor.org/rfc/rfc9110.html#section-10.2.3,official,"Retry-After semantics and syntax"
SRC-018,reference,AWS SDKs and Tools - Retry behavior,https://docs.aws.amazon.com/sdkref/latest/guide/feature-retry-behavior.html,official,"Retry classification, bounds, backoff, retry quota, and adaptive request-rate bucket"
SRC-019,reference,Apache Airflow Pools,https://airflow.apache.org/docs/apache-airflow/stable/administration-and-deployment/pools.html,official,"Pools limit execution parallelism for selected tasks"
SRC-020,reference,Apache Airflow Dynamic Task Mapping,https://airflow.apache.org/docs/apache-airflow/stable/authoring-and-scheduling/dynamic-task-mapping.html,official,"Mapped-task expansion and max_map_length"
SRC-021,reference,Apache Airflow FAQ - logical date,https://airflow.apache.org/docs/apache-airflow/stable/faq.html#what-does-execution-date-mean,official,"Logical date/data interval is distinct from wall-clock execution"
SRC-022,reference,Apache Spark RDD.collect,https://spark.apache.org/docs/latest/api/python/reference/api/pyspark.RDD.collect.html,official,"Collect returns all elements to the driver and should be used only for small results"
SRC-023,reference,Apache Spark Configuration,https://spark.apache.org/docs/latest/configuration.html,official,"spark.driver.maxResultSize bounds serialized results returned to the driver"
SRC-024,reference,Amazon S3 - Checking object integrity,https://docs.aws.amazon.com/AmazonS3/latest/userguide/checking-object-integrity.html,official,"Supported upload/download checksums; not proof of multi-object semantic completeness"
SRC-025,reference,SQLite ANALYZE and Next-Generation Query Planner,https://www.sqlite.org/lang_analyze.html,official,"MP-20: ANALYZE populates sqlite_stat1; SQLite may keep the same plan on a given build; as-of 2026-07-31"
SRC-026,reference,pip Repeatable Installs and Secure Installs,https://pip.pypa.io/en/stable/topics/repeatable-installs/,official,"MP-13: version pinning and hash checking; a lock is not portable across OS/arch; as-of 2026-07-31"
SRC-027,reference,SQLAlchemy Connection Pooling,https://docs.sqlalchemy.org/en/21/core/pooling.html,official,"MP-15: pool checkout/return and reset-on-return; lab uses a deterministic fake pool; as-of 2026-07-31"
SRC-028,reference,dbt Configure incremental models,https://docs.getdbt.com/docs/build/incremental-models,official,"MP-10: incremental filters, unique_key, and bookmark behavior; as-of 2026-07-31"
SRC-029,reference,Apache Kafka Design - message delivery semantics,https://kafka.apache.org/documentation/#semantics,official,"MP-25: guarantees are scoped; transactions do not make an arbitrary external sink exactly-once; as-of 2026-07-31"
SRC-030,reference,Apache Flink CheckpointingMode and Checkpoints,https://nightlies.apache.org/flink/flink-docs-stable/docs/ops/state/checkpoints/,official,"MP-19/MP-25: checkpoint consistency applies to operator/user state; external systems require cooperation; as-of 2026-07-31"
SRC-031,reference,Amazon S3 conditional writes and consistency model,https://docs.aws.amazon.com/AmazonS3/latest/userguide/conditional-writes.html,official,"MP-21: conditional pointer update under a precondition; single-key atomicity and strong consistency; as-of 2026-07-31"
SRC-032,reference,PostgreSQL 18 Numeric Types,https://www.postgresql.org/docs/current/datatype-numeric.html,official,"MP-04 transfer: integer/bigint ranges and out-of-range errors; live official page verified 2026-07-31"
SRC-033,standard,Google AIP-158 Pagination,https://google.aip.dev/158,standard,"MP-08 transfer: next_page_token contract and terminal page; live approved standard verified 2026-07-31"
SRC-034,reference,AWS IAM Using temporary credentials with AWS resources,https://docs.aws.amazon.com/IAM/latest/UserGuide/id_credentials_temp_use-resources.html,official,"MP-12 transfer: temporary credentials expire and must be refreshed before expiry; live official page verified 2026-07-31"
SRC-035,reference,"Apache Iceberg branches/tags, snapshot expiration, and maintenance",https://iceberg.apache.org/docs/latest/maintenance/,official,"MP-09/MP-21/MP-22/MP-23/MP-24 transfer: audit branch, snapshot expiration, cherry-pick/rollback, and orphan-file maintenance; live official documentation verified 2026-07-31"
SRC-036,reference,Apache Airflow 3.3 Tasks,https://airflow.apache.org/docs/apache-airflow/stable/core-concepts/tasks.html,official,"MP-11/MP-14 transfer: retry settings and task-instance heartbeat timeout handling; live official documentation verified 2026-07-31"
SRC-037,reference,Apache Airflow on_kill API,https://airflow.apache.org/docs/apache-airflow/stable/_api/airflow/triggers/base/index.html,official,"MP-14 transfer: on_kill is an explicit external-work cancellation hook and is not invoked for every lifecycle path; live official documentation verified 2026-07-31"
SRC-038,reference,AWS SDKs and Tools Standardized Credential Providers,https://docs.aws.amazon.com/sdkref/latest/guide/standardized-credentials.html,official,"MP-12 transfer: standardized provider chains attempt automatic credential renewal; exact behavior remains SDK/provider-specific; live official documentation verified 2026-07-31"
SRC-039,reference,PostgreSQL 18 Monitoring Database Activity,https://www.postgresql.org/docs/current/monitoring.html,official,"MP-15 transfer: pg_stat_activity session states including idle in transaction; live official documentation verified 2026-07-31"
SRC-040,reference,PySpark 4.2 DataFrame Quickstart,https://spark.apache.org/docs/latest/api/python/getting_started/quickstart_df.html,official,"MP-16 transfer: collect and toPandas load data on the driver and can exhaust driver memory; live official documentation verified 2026-07-31"
SRC-041,reference,Apache Flink 2.3 Windows,https://nightlies.apache.org/flink/flink-docs-stable/docs/dev/datastream/operators/windows/,official,"MP-19 transfer: time-based window removal after watermark passes window end plus allowed lateness; live official documentation verified 2026-07-31"
SRC-042,reference,Apache Spark 3.5.8 Structured Streaming Programming Guide,https://spark.apache.org/docs/3.5.8/structured-streaming-programming-guide.html,official,"MP-19 transfer: watermarks can bound state for supported stateful operations; version-pinned official documentation verified 2026-07-31"
SRC-043,reference,PostgreSQL 18 Using EXPLAIN,https://www.postgresql.org/docs/current/using-explain.html,official,"MP-20 transfer: EXPLAIN ANALYZE compares estimated and actual row counts; live official documentation verified 2026-07-31"
SRC-044,reference,PostgreSQL 18 ANALYZE,https://www.postgresql.org/docs/current/sql-analyze.html,official,"MP-20 transfer: ANALYZE collects planner statistics and autovacuum can analyze changing tables; live official documentation verified 2026-07-31"
SRC-045,reference,Amazon S3 Managing the Lifecycle of Objects,https://docs.aws.amazon.com/AmazonS3/latest/userguide/object-lifecycle-mgmt.html,official,"MP-22 transfer: lifecycle expiration deletes expired objects under configured rules; live official documentation verified 2026-07-31"
SRC-046,standard,Apache Iceberg Table Specification,https://iceberg.apache.org/spec/,official,"MP-09 transfer: snapshot manifest lists and manifests track the data files in a snapshot; live official specification verified 2026-07-31"
SRC-047,reference,Apache Iceberg Branching and Tagging,https://iceberg.apache.org/docs/latest/branching/,official,"MP-21/MP-23 transfer: audit branches stage validation and may be fast-forwarded; live official documentation verified 2026-07-31"
SRC-048,reference,Apache Iceberg Spark Procedures,https://iceberg.apache.org/docs/latest/spark-procedures/,official,"MP-23 transfer: rollback and supported snapshot cherry-pick semantics; live official documentation verified 2026-07-31"
